duration,productivity_fines,new_duration
4.823333333333333,15.342087076710436,179.02736348153977
1.9433333333333334,12.942190869510336,151.022888702056
77.03333333333349,11.5967113803548,135.322440362947
20.159999999999986,11.28937518171742,131.73612325567333
64.30000000000014,11.02643856920682,128.6679065088138
46.45333333333332,10.526693455797936,122.83636288511805
27.056666666666644,10.31169151164224,120.32749749978011
10.119999999999997,9.444103227977806,110.2035787503096
34.94333333333331,9.205380139273116,107.41791047980111
42.05999999999997,8.963385639562537,104.59406799711928
37.919999999999966,8.878340365682146,103.60167165083048
68.85000000000016,8.733962720890805,101.91692374375434
149.65666666666638,8.047955466932235,93.91188053214019
9.449999999999996,7.975604343004178,93.06761267620885
127.92666666666652,7.700848266367471,89.86147417921967
70.14000000000017,7.133352342933164,83.23934392725467
22.03999999999999,7.019810209520535,81.91441670664273
2.216666666666667,6.771601047240362,79.01805510389599
1.7466666666666668,6.530265078192933,76.20189703910368
90.68333333333355,6.412153765942222,74.82365190701286
47.716666666666676,6.14041215508208,71.65268931911515
82.13666666666684,6.029788465468496,70.36181752370057
31.783333333333314,5.982273019914857,69.80735808805888
19.926666666666655,5.478432879054026,63.92802944238789
37.18333333333331,5.459435230838193,63.706345205072274
76.28000000000013,5.39196172886765,62.9189944944255
65.3500000000001,5.264446649689542,61.431016469320234
47.54666666666666,5.215928210880539,60.864853069465596
30.61999999999998,5.18105164036443,60.45787711922117
8.419999999999996,5.158951788821779,60.199993160198396
37.38666666666664,5.12093014683237,59.756317258310446
2.606666666666667,5.0947641209223775,59.45098496498991
28.159999999999986,5.016894694425552,58.542323838779204
6.1866666666666665,4.934608277223995,57.582120689867374
7.926666666666666,4.898838407565477,57.164720799942124
8.739999999999997,4.8237867716953895,56.28894057345684
16.97666666666666,4.820035944828505,56.24517204043414
19.47999999999999,4.67145790554415,54.51140957960746
2.2733333333333334,4.633167765760337,54.064600567342005
0.8866666666666667,4.511278195488722,52.642266807109955
12.639999999999993,4.193037974683547,48.928710274699135
14.479999999999995,4.122205255896037,48.10216074272527
5.45,4.008332602118248,46.77337666813671
42.96666666666663,3.995345228859585,46.62182654451771
4.536666666666666,3.984226287846563,46.4920792236796
17.223333333333326,3.92983343054006,45.85736702402112
5.683333333333334,3.821569197193008,44.59402780827025
20.636666666666653,3.8119851397189497,44.48219109841082
18.116666666666656,3.8086476540938383,44.44324585913967
8.013333333333334,3.804648999807264,44.396585419082186
6.623333333333334,3.7745344740815305,44.04517794002029
23.37333333333332,3.739531995332417,43.63673276209628
65.14333333333343,3.709085184549648,43.281447836805064
102.01666666666675,3.670332659245474,42.829243231344996
92.30333333333357,3.640552448123517,42.481736881366
3.91,3.580562659846547,41.781713893793146
91.00666666666682,3.5620921055229378,41.56618033398054
6.38,3.551550989550918,41.443175674237175
56.68000000000007,3.5344624794166037,41.24376923755896
22.479999999999986,3.4924474461275,40.75349430959589
9.499999999999998,3.4438334672942688,40.18621604977734
19.94333333333332,3.409660705331776,39.78745286674768
15.893333333333326,3.403259983768696,39.712762617625245
8.929999999999998,3.3306186161729285,38.86510789794208
53.260000000000026,3.2795821261738003,38.26956126858121
92.81000000000016,3.264068146972769,38.0885280897457
69.90000000000013,3.209998074647048,37.45758247958654
15.276666666666658,3.175368558977407,37.05348942119232
85.2666666666669,3.169192291980149,36.98141834043593
23.09666666666665,3.1606292394284914,36.88149577357706
30.349999999999977,3.152114222954423,36.7821337414277
5.82,3.118136449902916,36.385645890982666
16.23999999999999,3.088451236312842,36.03924807060497
12.89999999999999,3.0477276706290914,35.564043324374815
79.8600000000002,3.0412663165021248,35.4886455516932
7.933333333333334,3.025210084033614,35.30128480006197
6.8500000000000005,3.005972130059722,35.076796426250475
6.4366666666666665,2.9230277990430715,34.10891605747115
18.409999999999986,2.9119712478975712,33.97989676623127
21.969999999999988,2.834403380312515,33.074754541760505
0.8866666666666667,2.8124939853871,32.8190930278243
6.763333333333333,2.808259491753418,32.76968056998027
40.92999999999998,2.785243097972149,32.50110144675468
42.59666666666664,2.7706863954494514,32.331238763757675
5.656666666666666,2.7695934001178557,32.31848456209432
26.583333333333318,2.7683021155875336,32.303416516670495
3.99,2.738339638764639,31.953783301700525
8.233333333333329,2.7321371288897898,31.8814059918658
56.943333333333406,2.7191723521420226,31.730119547741584
2.216666666666667,2.7033194784490115,31.54513179694372
9.209999999999999,2.7024517883975823,31.53500669066256
15.663333333333329,2.690844868772382,31.399565129924962
35.403333333333315,2.6823931858410552,31.300942139153765
33.92333333333331,2.643100794732732,30.842437820293068
12.176666666666662,2.6006022447303594,30.34652071848866
29.949999999999978,2.598696797510343,30.3242859866463
9.983333333333329,2.57970576261567,30.102678920412107
12.723333333333324,2.5601292918536025,29.874240382077478
89.8400000000002,2.536816714820344,29.602205085878428
2.606666666666667,2.5248221711606424,29.462240326401844
67.95333333333345,2.4967097027171694,29.13419492545812
24.45333333333332,2.4945474372955303,29.108963372824647
27.823333333333313,2.455972205582846,28.65882761263236
25.54333333333331,2.414198094740965,28.171364017333104
4.8500000000000005,2.405498281786941,28.06984558844178
35.72333333333331,2.4037067573228548,28.04894022531782
25.48999999999998,2.393095331502552,27.92511511743712
4.466666666666667,2.388059701492537,27.866354170529842
3.7466666666666666,2.384201348420159,27.821330910364846
7.499999999999999,2.3791634362352165,27.762543332676614
21.529999999999983,2.3687877380399462,27.641468938893563
36.22333333333331,2.3673191554950983,27.6243319965894
4.433333333333334,2.3388539362765504,27.292170334219705
7.069999999999999,2.325347086821107,27.134558424258586
14.113333333333324,2.3160135031932905,27.025644502680148
11.843333333333328,2.309207398545673,26.94622382382791
55.84000000000006,2.3080202390253715,26.932370816874627
5.906666666666666,2.298180860968751,26.817554761994526
25.106666666666655,2.2926459048358856,26.75296716067938
3.223333333333333,2.285150391785596,26.6655017504894
6.763333333333333,2.281652325142251,26.624682685566256
9.206666666666663,2.246498663616671,26.21447335040998
66.0900000000001,2.221171200183389,25.918926272658172
91.38333333333355,2.2193759381927265,25.897977296202757
76.07666666666687,2.2005648240496707,25.67846973166196
17.079999999999988,2.185792349726777,25.506089199801917
7.903333333333333,2.1775301843834702,25.40967769655174
2.16,2.167753723748728,25.29559582732054
4.716666666666667,2.1666854245682687,25.283129805929132
76.88000000000018,2.1525652073356567,25.118360485412207
20.393333333333327,2.13028362025286,24.858355847863717
64.15666666666674,2.125312742153042,24.800350493315218
13.879999999999997,2.120398864247327,24.74301027607282
45.44666666666665,2.1192435863868275,24.729529297349412
11.869999999999996,2.1090429579281578,24.610497798591812
54.08666666666671,2.06013286713681,24.039764197730573
17.336666666666662,2.058791759664207,24.02411476660917
32.35666666666665,2.0473118777573798,23.89015561355635
19.299999999999994,2.046575732342692,23.881565506351794
5.933333333333333,2.0382593157387574,23.78452094319867
6.463333333333334,2.008648981074347,23.438996887685878
8.26,1.9980869904675704,23.31574864108204
15.98999999999999,1.9804044194288108,23.10941008643717
7.5233333333333325,1.978859505894862,23.09138243508785
29.363333333333316,1.9752525825859928,23.04929311783667
18.693333333333324,1.9740832969461728,23.03564868183476
22.119999999999987,1.95901145268234,22.859774791413788
19.35999999999999,1.9483642341359813,22.73553201693105
3.58,1.9291069208538951,22.510817738659
0.9433333333333334,1.9270810095791095,22.48717730744785
7.513333333333333,1.9252327780705347,22.465610227791142
4.046666666666667,1.8947101372240065,22.109440438770523
20.233333333333317,1.894563426688634,22.107728468279713
12.32,1.8942846200605008,22.104475063752272
10.33666666666666,1.8908820726005209,22.06477061560025
5.156666666666667,1.855427927055316,21.651054921658968
13.706666666666658,1.848249027237355,21.56728408261461
54.91333333333339,1.84533203836348,21.53324563499117
34.03999999999997,1.8440633081182771,21.518440776328053
16.589999999999993,1.8406345332325813,21.47843027940618
32.333333333333314,1.829086989376557,21.343681576645277
68.46666666666677,1.8261754632848928,21.309706874423075
34.85999999999998,1.7801783178720696,20.772964537493227
14.949999999999994,1.7796172673546984,20.766417618915415
30.99333333333332,1.7734023605125293,20.693895648425112
2.706666666666667,1.7721703100300374,20.679518807226533
25.916666666666657,1.7649428278767902,20.595181059172035
28.333333333333314,1.7629209870231877,20.57158812585143
15.793333333333322,1.7587797542791157,20.523263932667827
3.16,1.7528188222825904,20.4537056037459
21.203333333333315,1.7450086464392405,20.36256838215597
4.913333333333333,1.7360875896521422,20.258468251054005
18.69333333333333,1.725264990894677,20.13217895860769
41.559999999999974,1.722586604500131,20.100924771859635
0.44333333333333336,1.7211411297940675,20.084057475753706
35.483333333333306,1.7142020461818663,20.003085060601915
46.20666666666667,1.7135073600133015,19.994978742824976
26.113333333333316,1.7057545205968576,19.90451058205377
11.74333333333333,1.7030939540164638,19.87346433535517
19.21999999999999,1.69807196873958,19.814862609327395
5.04,1.694685645559917,19.77534748288337
2.6333333333333333,1.6910030045255215,19.732374612781648
11.669999999999995,1.685232790631249,19.665041780224314
0.8866666666666667,1.6682101459242094,19.466403929575527
9.076666666666666,1.6557734468268253,19.32127964246352
51.06000000000004,1.6516516516516504,19.273182266967414
64.56666666666676,1.6479346987022676,19.229809009901036
0.8333333333333334,1.6470612166024226,19.219616315999506
4.91,1.6436601120939114,19.179928705699844
7.286666666666666,1.6401474255322783,19.138939040426674
5.95,1.639012187491961,19.125691907082572
11.226666666666665,1.6196368306789324,18.899600174620947
75.71666666666688,1.6187785760359203,18.889585170458478
29.903333333333318,1.6134291069612794,18.82716202426784
6.433333333333334,1.611933902150241,18.80971442578618
2.646666666666667,1.609363314890216,18.77971815099902
17.83666666666666,1.600627137200452,18.677775380704166
0.4166666666666667,1.6,18.670457294254998
64.69333333333338,1.5989701820284037,18.65844031146778
4.046666666666667,1.5971053617180702,18.636679656489317
21.56333333333332,1.5922089967537498,18.579543798387174
4.066666666666666,1.591488863379808,18.571140536259453
28.21333333333332,1.5907029063285163,18.561969175283668
53.703333333333376,1.581266233253539,18.451852299254785
0.44333333333333336,1.5806821681205352,18.445036822303027
26.60999999999999,1.5689335464953995,18.307941735853994
21.10999999999999,1.5675334098514238,18.291603491218076
9.43333333333333,1.5599174092678665,18.20273210768787
9.959999999999996,1.5481685011547432,18.065633678200246
2.7133333333333334,1.545326822488685,18.032474028088597
55.980000000000054,1.5442843845888594,18.020309782906974
2.6933333333333334,1.541556340857811,17.988476142921098
30.023333333333312,1.5385631844557643,17.953548893683948
1.33,1.5318570487355103,17.8752947558249
2.69,1.5314199052084845,17.8701937123544
9.936666666666666,1.5301641643285708,17.855540427059978
17.57666666666666,1.512859177964933,17.653607921509998
10.62333333333333,1.5098669837303846,17.618691899839842
5.3,1.507549803914277,17.59165264559
12.186666666666667,1.5050293654304951,17.562241558668596
23.49999999999999,1.5035460992907808,17.544933272970123
8.76,1.4914809993344844,17.40414518954203
20.78999999999999,1.491101491101492,17.399716694381468
8.316666666666666,1.4829659318637276,17.304782562310493
11.109999999999998,1.4747628609014751,17.209060633508944
25.626666666666647,1.4709096243526387,17.164097078240374
65.93333333333345,1.4681208255177474,17.13155448477218
13.476666666666665,1.4665851347103784,17.11363445374958
7.613333333333333,1.464505114725118,17.08936262605833
16.379999999999992,1.461872971186384,17.058648048850653
4.8500000000000005,1.453999522592354,16.96677249526731
1.3033333333333335,1.4496982673661152,16.91658099400907
8.619999999999997,1.4491919810917846,16.91067312134435
3.466666666666667,1.44705362779974,16.885720600207378
4.906666666666667,1.4372316424658746,16.77110750163192
7.170000000000001,1.436530288079216,16.762923372179266
16.039999999999996,1.4357682934845364,16.754031629967752
26.15333333333332,1.4323905942425874,16.714617136561724
0.9433333333333334,1.4319068045824768,16.708971777693915
10.256666666666662,1.4299642508937285,16.68630404913918
12.246666666666668,1.425611356447478,16.635509967973483
26.053333333333317,1.4201637666325495,16.571941847350832
2.83,1.419024812857129,16.558651354960755
9.789999999999997,1.4137773593664378,16.497418632272296
54.80333333333338,1.4109238222259888,16.464120605198342
4.546666666666667,1.4097892257225562,16.450880957971126
18.929999999999986,1.3910899806303938,16.23267879739111
4.553333333333334,1.390922401171303,16.23072330668214
17.296666666666656,1.387550587781847,16.19137749549962
51.01666666666669,1.383671447902673,16.146111673341768
7.116666666666667,1.3731817153878858,16.023706609000836
3.546666666666667,1.3695797210767329,15.981674808400506
32.383333333333304,1.3690169840452917,15.97510820982962
28.826666666666643,1.364477335800186,15.922134891897628
3.3266666666666667,1.3582583717922212,15.849565578194367
6.183333333333334,1.3563196468189302,15.826942527057406
1.9433333333333334,1.3464060911341709,15.711260890778336
3.0766666666666667,1.3442696213830871,15.686330348748287
2.64,1.340853538075958,15.646467950311179
5.713333333333334,1.334159472886462,15.568354663907778
20.676666666666655,1.3271302399353184,15.486330292891717
2.183333333333333,1.3269146095031543,15.483814093657303
11.476666666666665,1.3264376448716269,15.478248376292427
20.593333333333327,1.3242136252388548,15.452296211557892
24.04333333333332,1.3143110017701671,15.33674214369963
5.07,1.3102141182191214,15.288935462837543
4.03,1.3078817901334758,15.261719442888023
11.766666666666664,1.305606209548306,15.235165611553619
48.21333333333333,1.3012468972401126,15.184296640127087
50.07666666666668,1.292079135455935,15.077317699579966
16.05333333333333,1.2873754152823922,15.02242982043981
22.389999999999986,1.2803334822093204,14.940257251246193
2.1633333333333336,1.2796009271869506,14.93170904045816
4.6033333333333335,1.2688276570902708,14.805995365920952
21.913333333333316,1.2625494371767578,14.732734592933959
13.43666666666666,1.2615244811672826,14.720774344556837
69.15666666666677,1.2482984511034538,14.566439326132306
4.01,1.2468827930174564,14.549919961233632
5.683333333333334,1.2316715542521994,14.372419471383978
7.963333333333332,1.2306769516202758,14.360813417656425
8.26333333333333,1.2299778711938534,14.352655823127193
12.279999999999994,1.22755111795166,14.324337952644655
18.21333333333332,1.225464711847917,14.299991605108147
1.7166666666666668,1.2223118128246289,14.263200313503525
3.1033333333333335,1.2209145872522809,14.24689603826667
11.379999999999997,1.216338342336471,14.193495672473746
13.543333333333328,1.2162695029161783,14.192692382813284
23.19666666666666,1.2133342607035846,14.158440936326707
23.673333333333318,1.2109264995775846,14.130344685528115
2.69,1.195589135677304,13.951372436961469
8.4,1.191255694711497,13.900805359155669
9.516666666666667,1.1911595228612315,13.899683126391112
18.556666666666658,1.1907633765530905,13.895060480935847
8.123333333333333,1.190402437054973,13.890848665007466
58.16666666666672,1.1888792175584613,13.87307416215784
14.303333333333333,1.1883008319020247,13.866324959221522
16.133333333333322,1.1776859504132238,13.742459527021374
20.65666666666665,1.169080673124368,13.64204423819212
24.209999999999983,1.165482504258138,13.60005707684558
80.77333333333355,1.156040894237376,13.489882591419553
21.926666666666662,1.1475614300803925,13.390935420531347
0.44333333333333336,1.1457980936131755,13.370358984152238
1.5,1.144240892819541,13.352187952329652
0.86,1.1384705134668915,13.284853189032596
9.679999999999998,1.1321874005266666,13.211535319141689
9.009999999999996,1.1286195681030122,13.16990215482988
21.079999999999988,1.123269281211792,13.10746946550829
4.38,1.122233006554168,13.095377139420611
3.0766666666666667,1.1187620011056518,13.054873852548958
12.36666666666666,1.112015681059616,12.976150802353402
5.726666666666667,1.105937136204889,12.905220044777531
0.4166666666666667,1.096497432161072,12.795067800264723
43.17999999999997,1.095580825936268,12.784371889404817
10.199999999999996,1.089014018870644,12.707743582605852
22.876666666666654,1.0880250068587782,12.696202766023946
4.363333333333333,1.0860841574737736,12.67355492505063
67.7433333333334,1.0806936879879865,12.610653343594144
7.876666666666665,1.0705260249028463,12.49200651896072
15.049999999999992,1.0631229235880404,12.405619464621266
1.33,1.0609795524611845,12.380608390190202
42.3233333333333,1.0549261158040044,12.309970621070603
9.169999999999996,1.0543503741045184,12.303252270562616
0.7866666666666667,1.0535815098106294,12.294280365585037
4.546666666666667,1.051107449500336,12.26541046723082
21.20999999999999,1.048408028088787,12.23391082211612
2.6333333333333333,1.038223212297318,12.115063841938321
6.210000000000001,1.0369223857745191,12.099884450662602
2.61,1.0333682905539672,12.058411586265706
12.416666666666659,1.025684023007731,11.968743593103438
6.239999999999999,1.0230781299806968,11.938335334056788
21.196666666666655,1.0202711608135704,11.905580710331085
0.8866666666666667,1.0190967215885929,11.891876136959434
9.179999999999998,1.0169013039121884,11.866257729477958
6.293333333333334,1.0152023102618424,11.84643211173296
11.926666666666662,1.006148686416993,11.74078505088702
8.616666666666665,1.0061338413491163,11.740611823258378
4.7700000000000005,1.0019908473104655,11.692267077465266
0.44333333333333336,0.9960256097158277,11.622658506364784
4.546666666666667,0.99034865763957,11.55641394930147
4.49,0.9877508596445852,11.52610015147368
9.646666666666667,0.9743032825271942,11.369179892547775
10.286666666666662,0.9721322099805578,11.343845569257333
9.436666666666662,0.9708631868598137,11.329037293019036
20.953333333333315,0.9704104358892786,11.323754125731343
1.83,0.9687297069332732,11.304141639358647
9.576666666666663,0.9680722769421696,11.296470065250608
4.443333333333333,0.9649143553137736,11.259620164687126
4.463333333333334,0.9546983681618176,11.140409444787593
0.8866666666666667,0.949778005845474,11.08299356072537
0.44333333333333336,0.945979000025006,11.038662825768073
2.606666666666667,0.9434623347666826,11.009295768749661
6.959999999999998,0.9418389859735156,10.990352853551846
1.36,0.9413746547260724,10.984934555598235
6.743333333333333,0.939199209095403,10.959549202633617
37.729999999999976,0.938135581285378,10.947137691631085
7.656666666666664,0.936587249861202,10.929070156798316
3.19,0.9354732851455564,10.916071262641585
21.193333333333324,0.9345341341740124,10.905112276324667
6.206666666666667,0.9329890319577347,10.887082423234496
16.96333333333332,0.92310667236407,10.771764815259504
4.38,0.91324200913242,10.65665370676655
1.72,0.9094883198957832,10.612851772648716
24.809999999999985,0.9050831056164772,10.561447169477576
25.47666666666665,0.9043694476496814,10.553119469107722
28.90999999999998,0.9010930584282976,10.51488716595947
32.216666666666654,0.8950927291477428,10.444869108719429
18.639999999999993,0.8941344778254653,10.433687239725836
21.176666666666655,0.8913274624690466,10.400932077015629
9.726666666666665,0.8910212474297466,10.39735884275681
0.44333333333333336,0.8903500444675387,10.38952655135576
11.19666666666666,0.8903137237926722,10.38910272410014
62.84000000000008,0.8886086256779694,10.36920587314197
26.276666666666653,0.8879868070531528,10.361949849342336
29.853333333333314,0.8869944143017499,10.350369582789714
16.52999999999999,0.8869911004296641,10.350330913097679
27.82333333333331,0.8822879745283178,10.295449968541059
3.546666666666667,0.8770163056422465,10.233934675536782
3.1333333333333333,0.8666384282037081,10.112834852086003
1.33,0.8657066805910081,10.101962255828541
10.42333333333333,0.8637370755562451,10.078978864148484
8.096666666666664,0.8586413990846815,10.019517232931191
6.819999999999999,0.8498821649179572,9.917305415781062
21.37666666666665,0.842039607048184,9.825790327165237
21.056666666666658,0.839706317404448,9.798563086759922
7.133333333333333,0.8379696878340231,9.778298294115823
14.386666666666656,0.8360079698705914,9.755406936953559
9.01333333333333,0.8346136287816271,9.7391363208566
7.043333333333332,0.8297427368464034,9.682297708443146
2.6333333333333333,0.8255194621673235,9.633016164982104
6.44,0.8216219528072848,9.587535988694253
5.373333333333334,0.8205579905409518,9.575120574909084
1.4433333333333334,0.8178591900563434,9.543628175413087
8.15,0.8161861729881815,9.524105679335788
9.709999999999996,0.8158282054119322,9.519928542870108
4.796666666666667,0.8076371187337867,9.424346459108948
36.40333333333331,0.8038073341750979,9.3796565659532
0.86,0.7999325190546743,9.334441209560074
3.216666666666667,0.7957756448370564,9.285934495461559
6.726666666666667,0.7928642220019821,9.2519609981442
6.699999999999998,0.7902157121669809,9.22105544203932
0.8866666666666667,0.786466540135537,9.17730621935064
3.9166666666666665,0.7819326942371302,9.124400609210054
3.106666666666667,0.7817766771904765,9.122580040705854
3.966666666666667,0.7687882884178434,8.97101806701796
1.33,0.7685355225654867,8.96806853323554
8.540000000000001,0.7680967313339391,8.962948262641977
10.089999999999996,0.7676411678371846,8.957632275885116
3.6333333333333333,0.7661424751383705,8.940143977116103
0.86,0.7660939964775142,8.939578277886604
3.4433333333333334,0.7647396831430922,8.923774747090748
2.0,0.7637199582027168,8.911875540246271
13.669999999999993,0.7593682205852103,8.86109495815661
12.749999999999993,0.7581699346405233,8.847112116558744
0.8866666666666667,0.7556212817737771,8.817371794992203
75.92666666666686,0.7550158395952178,8.81030686853037
0.44333333333333336,0.7518796992481203,8.773711134518324
2.19,0.7442249065156513,8.684387084013364
8.233333333333333,0.7406922460755568,8.643164342837185
0.8866666666666667,0.7337550719723102,8.56221420981376
0.44333333333333336,0.7327850880073535,8.550895432192615
4.876666666666667,0.7264624612078564,8.477116473662912
3.216666666666667,0.7264260417703758,8.47669149394281
19.30333333333332,0.7252633396649979,8.46312388144006
20.739999999999988,0.7232401157184191,8.43951480875799
2.33,0.7227485708438528,8.43377895401499
7.576666666666667,0.7206754237110595,8.409587325885289
0.44333333333333336,0.717617617430069,8.3739056748957
11.72666666666666,0.7158974792678181,8.353833321084124
7.483333333333333,0.712694877505568,8.316462046438751
0.86,0.7109581095998054,8.296195639554643
56.443333333333406,0.7084462857699034,8.266885077337845
0.8866666666666667,0.7084060863058119,8.266415988351861
20.816666666666656,0.7045636509207369,8.22157847225
2.2466666666666666,0.7015891096647701,8.186868443819046
2.1633333333333336,0.699773347832128,8.165680253973495
9.149999999999997,0.69753582416218,8.139570510145589
16.703333333333322,0.6952281202451482,8.112641830501385
1.8099999999999998,0.6904359197308404,8.056721471096454
5.08,0.684022730670337,7.981885738300133
7.1499999999999995,0.6815401559097547,7.952916484520604
3.69,0.6795048696236939,7.929166655967179
21.169999999999984,0.6770587309085189,7.900622575706241
1.72,0.6705783627891279,7.825002928066154
34.97999999999997,0.6700160623935889,7.818441424615244
0.44333333333333336,0.6655884565454414,7.766775533425474
31.626666666666654,0.6639966273187187,7.748200421177178
1.4433333333333334,0.6625232953177526,7.731008057299493
3.4933333333333336,0.6581663577508585,7.680166796814224
4.49,0.655133225669119,7.644773069939254
7.793333333333332,0.6530617396180618,7.620600825031811
29.153333333333308,0.6483831146878286,7.5660057831844645
5.24,0.6470567807933183,7.550528745474853
2.49,0.6466593647316539,7.545891283220256
7.206666666666667,0.6439478959466887,7.514251056873756
14.39999999999999,0.6429984234387623,7.503171628179189
16.839999999999993,0.6418406085864521,7.489661045207494
1.3033333333333335,0.6377114082752379,7.441477258913775
3.9333333333333336,0.6376583746322136,7.440858407434248
5.933333333333333,0.6354983758743236,7.415653304581229
9.456666666666667,0.634473034896017,7.403688563989029
4.463333333333334,0.6340873903831821,7.399188464359248
15.859999999999992,0.6319804391129652,7.37460237453946
4.38,0.6266480078044926,7.312378042652344
16.689999999999987,0.6262789586943518,7.3080715953708655
11.083333333333327,0.6261703262751062,7.306803959780679
2.66,0.6256388802532109,7.300602497120681
12.373333333333333,0.6247826194971678,7.2906107596966505
6.876666666666665,0.6246966501087102,7.289607579824268
17.079999999999988,0.6245120999219363,7.287454057086262
2.22,0.623191064367535,7.272038845897112
16.739999999999988,0.6204585414564562,7.240152938199067
34.85999999999997,0.6196890972225754,7.231174265880953
17.59999999999999,0.6045888613500513,7.054969072761491
7.920000000000001,0.602863423376244,7.034834875259082
4.433333333333334,0.6024866640597097,7.030438457303103
2.216666666666667,0.6015037593984962,7.018968907614659
0.5,0.5902957220786679,6.8881819187819895
12.89666666666666,0.5894250332355992,6.878021819493804
20.583333333333318,0.588907060526557,6.871977577403951
10.233333333333329,0.5888170871341916,6.870927674666592
2.6333333333333333,0.5879014188314552,6.860242708452877
1.1933333333333334,0.5872671985393857,6.852841969153981
8.949999999999996,0.5867377498968557,6.8466638139853195
2.56,0.5810521949974476,6.780318870270608
5.16,0.5770306162224579,6.733390923536902
13.55666666666666,0.5697290846718506,6.648189090412984
1.2766666666666666,0.5622082745138955,6.560428487367798
19.03999999999999,0.5619045254615305,6.556884028798827
4.05,0.5610573028137507,6.546997757383765
6.033333333333334,0.5599151361786517,6.533669774019054
14.363333333333323,0.5597831079828506,6.532129132274464
0.44333333333333336,0.557085964656502,6.500656070217541
13.516666666666659,0.5550722602787397,6.477158081724876
3.19,0.5520451981432017,6.441835185269491
7.066666666666666,0.5456724451690856,6.367471302613196
7.293333333333332,0.5455084352971703,6.365557465544801
2.7466666666666666,0.5448164718289685,6.357482919055897
10.613333333333328,0.5437034379792068,6.344494887206501
20.25666666666666,0.543031100872141,6.336649361428491
17.833333333333325,0.538205376104184,6.280337806307259
17.139999999999986,0.5357838013426716,6.252080363701219
3.546666666666667,0.5339742001113983,6.230964062133645
11.61666666666666,0.531483265443699,6.201897256298608
3.1033333333333335,0.5267949915204613,6.147189620006372
5.056666666666667,0.5261548119431534,6.139719341594634
24.943333333333314,0.5242012928439664,6.1169236572728325
7.959999999999998,0.5237207619208344,6.111316324723517
1.3866666666666667,0.5233427479647782,6.106905266334029
3.6033333333333335,0.5231859975000933,6.105076139548558
2.6633333333333336,0.5230075118320381,6.102993383896645
3.526666666666667,0.5220226699608526,6.091501228835667
0.44333333333333336,0.5211757533738957,6.081618528855308
2.6333333333333333,0.520722239309343,6.076326456996199
0.44333333333333336,0.5197470338177382,6.064946749193617
10.403333333333332,0.5194831875552867,6.061867917709023
4.55,0.519451206732552,6.061494732343333
13.186666666666655,0.5193970301832124,6.060862544249087
20.396666666666658,0.5185654108247865,6.051158348176233
14.44666666666666,0.5175386147206749,6.039176627668906
9.949999999999998,0.5173238020567396,6.0366699710012375
10.37333333333333,0.5143290044662245,6.001723570677083
2.216666666666667,0.5141054871690002,5.999115339331861
13.499999999999993,0.5136245481323769,5.993503244491602
3.1033333333333335,0.512101098475546,5.97572605589297
1.33,0.512074795200731,5.9754191220372626
7.979999999999997,0.5102579839102338,5.95421868603042
0.8866666666666667,0.5099932949088716,5.951130020595301
28.833333333333318,0.4971098265895956,5.8007923674347195
4.076666666666667,0.496121509474763,5.78925965963118
4.1033333333333335,0.4910309444935646,5.729857674577995
6.796666666666666,0.4904364884747427,5.722920946007541
4.49,0.4888879480469815,5.704850972304452
1.8866666666666667,0.4888765345198561,5.704717787447719
2.66,0.4887084809430954,5.702756764242682
3.4933333333333336,0.4855352393717119,5.665728094715889
10.50333333333333,0.4810599562559878,5.613505855783497
7.983333333333333,0.4796798872583386,5.597401781231163
14.229999999999995,0.4779430608414186,5.577134691578263
15.046666666666654,0.4775005905588159,5.571971490006195
10.58666666666666,0.4764007227229455,5.559137092844356
1.7466666666666668,0.4752571546464676,5.54579275601001
4.49,0.4745409253690273,5.53743505092417
10.426666666666662,0.4741710248080175,5.53311866803201
22.809999999999985,0.4722972828189675,5.511253905665129
15.99333333333333,0.4701518238559053,5.486218468198611
2.6933333333333334,0.4690068427692189,5.4728576428975435
6.983333333333334,0.4681655925663545,5.463041064156066
0.44333333333333336,0.4677534401371979,5.4582316427015085
35.61666666666664,0.4661067943757762,5.43901687434689
22.479999999999986,0.4624603931267328,5.396466887598151
18.74333333333332,0.4623866263560379,5.395606100509404
2.3866666666666667,0.4622180469913353,5.393638941866047
39.2533333333333,0.4594250049728706,5.361046834536793
3.4933333333333336,0.4583364780355613,5.348344774726368
11.343333333333328,0.4575462873340549,5.339124011134623
3.1033333333333335,0.4535636978213915,5.292651031499167
10.346666666666662,0.4510309278350518,5.263096047832838
11.03333333333333,0.4485089541804293,5.2336670469479225
20.073333333333323,0.4467737536890482,5.213418930278359
0.9433333333333334,0.4438835764247831,5.179693348287554
7.4899999999999975,0.4419377056351181,5.156986912363442
11.809999999999995,0.4415625835229329,5.15260959900364
12.386666666666658,0.4398329886626053,5.132426894643571
4.5633333333333335,0.4397678124138201,5.131666350662607
14.786666666666656,0.4386624436761083,5.118767763280198
10.976666666666661,0.435459790396694,5.081395887479192
1.7466666666666668,0.4347944962441057,5.073632546189181
21.61333333333332,0.4331623909921169,5.054587451559814
5.3500000000000005,0.4316933656002439,5.037445341657851
7.343333333333334,0.4297810328830021,5.015130262701808
4.86,0.4292066860454406,5.008428188887568
6.126666666666668,0.4278136684438711,4.992173016612413
18.706666666666653,0.4258219943166008,4.968932099901617
11.149999999999997,0.4247001154212737,4.955840854898787
0.44333333333333336,0.4236856781874946,4.9440033504919265
14.166666666666659,0.4209208075783171,4.911739976346433
4.216666666666667,0.4206138361519687,4.908157915780062
6.3500000000000005,0.4199475065616798,4.900382491930444
3.91,0.4185587765006245,4.8841773511190825
6.8999999999999995,0.4164467686993235,4.859532256457005
2.216666666666667,0.4163325819579128,4.85819980728258
8.456666666666667,0.4160105011392217,4.854441434675911
1.3033333333333335,0.4136202814143602,4.826549875115341
1.33,0.4124976709377926,4.813450093264817
3.9633333333333334,0.4124159050060271,4.812495963679096
6.683333333333334,0.4117266774378844,4.804453342505951
7.683333333333334,0.4105150841453845,4.790315216989936
24.669999999999984,0.4095827373436646,4.779435628774344
11.069999999999993,0.4049401339491043,4.725260923516656
3.966666666666667,0.4035416983694886,4.708942528661667
16.213333333333324,0.4031830193329319,4.704757090140181
16.373333333333324,0.4031284128437323,4.704119885062313
19.10333333333332,0.4029144237804559,4.701622839020225
7.466666666666666,0.4012008061470767,4.681626573493545
5.266666666666667,0.4005640801799684,4.674196595382896
4.38,0.398396071259545,4.64889802165644
2.83,0.3982410654917826,4.647089253801834
23.45666666666665,0.3978968310359531,4.643072369610098
6.210000000000001,0.3932615097583727,4.588982639636213
10.76333333333333,0.3922920196251441,4.577669624555185
2.2733333333333334,0.3920143802348262,4.574429840567601
8.816666666666663,0.3919609034099482,4.573805817583152
11.279999999999994,0.3905867460347939,4.5577707259654
33.123333333333306,0.3903395909896489,4.5548866648932504
10.953333333333328,0.3879125050083066,4.526564911665665
2.64,0.3877931164287986,4.525171762056211
20.87333333333332,0.3875466838990669,4.5222961320422925
5.739999999999999,0.3857328675205332,4.501130643770397
27.08666666666665,0.3854056973488876,4.4973128833218565
7.483333333333333,0.3846413773321099,4.488394005676612
3.296666666666667,0.3828714251344083,4.467740370101574
16.383333333333322,0.3809457522502899,4.4452696242605505
8.92333333333333,0.3793622236158472,4.426791371920806
5.876666666666668,0.3783655614651296,4.415161285594698
7.836666666666667,0.3783220243047187,4.414653248910843
10.01,0.3779574317781161,4.410398805662258
0.44333333333333336,0.3764656396235343,4.392991029590992
0.8866666666666667,0.3745646247738176,4.370808019236379
23.489999999999984,0.3737210179915303,4.360963941485231
3.52,0.3715183316169107,4.335260715303998
2.66,0.3688826097355418,4.304504382287978
17.216666666666654,0.3685823554301708,4.3010007040468246
3.716666666666667,0.3684792776395403,4.2997978856168535
13.666666666666659,0.3626482389873814,4.231755286781677
8.899999999999997,0.3582355764453385,4.180263769565946
4.493333333333333,0.3578824649983084,4.176143299446015
0.5,0.3548534316306828,4.1407974006128105
16.796666666666656,0.3525916544721299,4.114404641957885
7.706666666666667,0.3515140441352758,4.101829968349082
4.3999999999999995,0.3510779197982989,4.096740817843762
11.009999999999996,0.3471746618969265,4.051193561621239
6.603333333333332,0.3464468489826365,4.042700686662203
12.50666666666666,0.3454538525884874,4.031113376180758
6.32,0.3448309777423701,4.0238450272969475
8.296666666666665,0.342527262842972,3.9969628956423526
4.933333333333334,0.3421470689895233,3.992526399952133
9.31333333333333,0.340587092912159,3.9743229832443263
4.463333333333334,0.3404556985580345,3.972789737820959
7.68,0.3394698878859754,3.9612862777878965
20.67666666666665,0.3385458649040789,3.9505038205238914
6.236666666666667,0.3352199037539885,3.9116930607644456
4.946666666666666,0.3351087699333331,3.910396236231636
9.729999999999997,0.3346745930455744,3.905329810580979
5.41,0.3345091413905122,3.9033991492934152
7.536666666666664,0.3343286452110753,3.901292932912195
2.6166666666666667,0.3324888622464976,3.879824439617916
10.029999999999996,0.3323363243602527,3.8780444695611087
10.036666666666664,0.3321155762205248,3.875468551613874
0.9166666666666666,0.3306836248012718,3.8587590592259917
2.2733333333333334,0.33014185612634,3.852437141158068
3.0766666666666667,0.3294362478493676,3.8442033729070135
5.0200000000000005,0.3276884277117544,3.823807997133672
1.3499999999999999,0.3275979391464956,3.8227520828253705
16.04999999999999,0.3269537088100687,3.815234535960419
9.203333333333331,0.3259688518652663,3.8037422050048666
3.546666666666667,0.3237997729739837,3.7784311457501407
43.70666666666663,0.3218289032995635,3.7554329969446374
14.533333333333326,0.3211009174311928,3.7469381037782408
4.493333333333333,0.3199516956568066,3.7335277937405493
5.546666666666667,0.3198750216558548,3.7326330820778306
2.58,0.3190937603072847,3.723516515425249
3.53,0.3151197339299679,3.677143459322789
4.433333333333334,0.3139731810483772,3.663764292690699
3.1033333333333335,0.3118030295063788,3.6384407166363597
6.933333333333334,0.3112057387644983,3.631470909581026
4.9366666666666665,0.3105163807592371,3.623426766332475
1.3033333333333335,0.3090467241124345,3.606277290294134
14.963333333333322,0.3080709185855401,3.594890580658271
9.319999999999999,0.3074576613398307,3.5877344598980154
9.703333333333331,0.306178195128056,3.5728043228565265
4.546666666666667,0.3047431853628393,3.5560591425200783
10.669999999999995,0.3041322314049587,3.548929898907975
6.38,0.303408255902778,3.5404818028482548
5.3500000000000005,0.3024900333311547,3.5297670307794338
18.739999999999988,0.3023834934187124,3.5285238127260663
8.179999999999998,0.3013484932575338,3.516446358783046
0.44333333333333336,0.3011026789368444,3.5135779426725793
5.266666666666667,0.3005528813348003,3.507162334766674
6.696666666666666,0.299483873080997,3.4946880391730235
6.153333333333333,0.2988068419162126,3.4867877382674064
0.5333333333333333,0.2966242866508324,3.4613194227207615
6.623333333333334,0.2959061660552004,3.452939647775216
2.33,0.2957723433979837,3.4513780663961104
7.596666666666667,0.2954168174160994,3.4472294209825054
4.61,0.292962115480438,3.4185854161950737
1.4266666666666667,0.2916794226193776,3.4036176272675274
23.029999999999983,0.2894774931249098,3.377923233147889
5.876666666666668,0.2881026568955202,3.361880219955756
1.7733333333333334,0.2877213560133355,3.357430806307573
15.089999999999996,0.2871658935277226,3.3509490946724507
8.43,0.2854754144670258,3.331222833978968
6.126666666666668,0.2850360604141759,3.3260959958034735
6.6866666666666665,0.2828129783876716,3.300154772030053
3.99,0.2824836763130774,3.296312134329664
9.346666666666664,0.2809895105926885,3.278876661034001
29.873333333333306,0.2796312214160131,3.263026735992522
1.8033333333333335,0.2794600831194133,3.261029717081223
16.10999999999999,0.2781190620322679,3.245381293994821
3.03,0.2761656324451369,3.222586654192406
18.456666666666653,0.2749237890026307,3.2080955385927425
1.7733333333333334,0.2734460603404307,3.190851869917678
12.026666666666658,0.272741016290704,3.1826246856545595
1.3033333333333335,0.2702482358376336,3.1535363412839312
7.623333333333334,0.2686522583385761,3.1349128226972156
1.83,0.268463806571461,3.132713772278498
9.996666666666663,0.2671525964455481,3.117413214366216
63.390000000000136,0.2662879585489051,3.107323723788548
9.01333333333333,0.265645439475118,3.099826145708619
4.796666666666667,0.2647765385270786,3.089686909431552
6.343333333333334,0.2627430373095112,3.065957910906297
1.7733333333333334,0.2626797518438385,3.065219430541179
13.539999999999994,0.262381022781076,3.0617335504106413
17.046666666666656,0.2621798571111404,3.0593861410046395
3.0500000000000003,0.2617474621707574,3.054340508961719
20.403333333333325,0.2613951968632577,3.0502299124742684
12.776666666666658,0.2608922515001306,3.0443610250220137
6.93,0.2607288957367818,3.0424548207699047
7.9533333333333305,0.2599086389071271,3.0328832144521622
2.2733333333333334,0.2596217359810325,3.029535333933883
11.55666666666666,0.2592020835436213,3.0246383946144353
9.216666666666667,0.2573580708605395,3.003120544583471
37.78666666666663,0.256739601302865,2.9959036011682465
12.166666666666659,0.2567103331290181,2.995562069799566
0.86,0.255671279783136,2.983437319099101
4.493333333333333,0.2547612624763959,2.9728182945600232
11.059999999999995,0.2537326482507449,2.960815358327348
0.44333333333333336,0.2532208930256827,2.9548436682807004
0.8866666666666667,0.2530857757955778,2.9532669804842056
0.44333333333333336,0.2515488559841465,2.935332608169192
7.683333333333334,0.2514015041981788,2.9336131549022277
1.7733333333333334,0.2499929618243275,2.9171768235033912
1.33,0.2494171963809908,2.9104581959275624
6.316666666666666,0.2478525600112035,2.892200398100593
13.973333333333324,0.2467113821883614,2.8788839532215147
4.6866666666666665,0.2466254944589931,2.8778817262319705
1.2766666666666666,0.2463001038837734,2.87408473195785
4.08,0.2450980392156862,2.860057796301316
0.9433333333333334,0.2439995701561976,2.8472397215111642
2.736666666666667,0.2436053593179049,2.8426396611228664
1.83,0.243213786383117,2.838070382525027
6.213333333333334,0.2411127953096685,2.8135538424547573
11.973333333333327,0.2392571404338891,2.79190013926031
16.00666666666666,0.2389776243538608,2.788638456113294
7.873333333333334,0.2377856759812395,2.7747295678708053
1.4133333333333333,0.2358490566037735,2.7521310870069264
1.83,0.23476076829281,2.739431811735876
4.5200000000000005,0.2347458533047882,2.73925776820656
9.699999999999996,0.2345629103805146,2.737123000672225
0.44333333333333336,0.2341682374899532,2.7325175485794575
20.32333333333332,0.2341564093307901,2.73237952536663
3.203333333333333,0.2328083387714068,2.7166488417362498
21.656666666666652,0.2309608390821651,2.6950903017055396
1.7733333333333334,0.2305342945650586,2.6901129384613305
6.626666666666668,0.2302983648191982,2.687359865808498
0.9433333333333334,0.2294878266609715,2.677901667015663
16.959999999999987,0.2293550773995128,2.6763526111300955
1.4433333333333334,0.2288548839159873,2.670515835459453
12.509999999999993,0.2287824912483807,2.6696710828288492
17.093333333333323,0.2282617178134854,2.6635941589687273
25.343333333333316,0.2282234630183001,2.6631477623938475
4.9366666666666665,0.2280297203566621,2.660886972337481
0.9433333333333334,0.2270155433675128,2.649052504734525
3.216666666666667,0.2254657380127257,2.6309677705526755
2.7433333333333336,0.2231407803743802,2.603837756616624
8.046666666666665,0.2229262735068843,2.6013346682985574
14.729999999999992,0.2195542380037862,2.5619862652639918
4.49,0.2168581382484456,2.5305253806745305
9.039999999999997,0.2165127735113077,2.5264953071897343
7.069999999999999,0.2135722817168331,2.492182603144206
6.82,0.212582923086887,2.4806377418635113
0.8866666666666667,0.2120855219647132,2.474833550357473
1.3033333333333335,0.2115387632780506,2.4684534036639754
9.066666666666663,0.2109622229386107,2.4617257337977705
0.9433333333333334,0.2108165133144336,2.460025442975545
3.99,0.2102147507708943,2.4530034543065242
3.52,0.2092809050453678,2.442106375095359
12.416666666666659,0.2078660969755333,2.425596929065726
0.44333333333333336,0.204372106141916,2.3848254249122447
2.66,0.2039528134639266,2.3799326836383727
8.50333333333333,0.2031320000277887,2.370354582259646
1.9433333333333334,0.2027669434629466,2.366094724132226
11.533333333333331,0.2023121387283237,2.3607875913978495
3.936666666666667,0.2022025417255178,2.3595087000475585
6.706666666666667,0.2011424953561915,2.3471389810047856
2.316666666666667,0.1988978581827027,2.3209462294493357
0.8866666666666667,0.1983341656417097,2.314368481003273
4.906666666666667,0.195294491693824,2.278898416857986
15.706666666666656,0.1910016977928694,2.228805651107479
1.7466666666666668,0.1908396946564885,2.226915230707895
2.3033333333333332,0.1907509854168186,2.2258800794136056
6.9866666666666655,0.1902890314718746,2.2204895222879872
4.05,0.1895632911759418,2.2120208327867785
3.7533333333333334,0.1888860163206704,2.204117688248143
6.403333333333333,0.1858342757941679,2.168506818764885
5.47,0.1835187020322674,2.141486305619097
1.3033333333333335,0.1833574050561532,2.139604125428952
1.7633333333333334,0.1830139454709097,2.1355962832298325
7.759999999999999,0.1816503985791014,2.1196850057221943
2.5500000000000003,0.1807830433837485,2.109563806888578
29.68666666666664,0.1795921208716792,2.0956668894496047
1.86,0.1794474717087029,2.0939789731871055
11.649999999999997,0.176515726533417,2.059768333754097
15.169999999999993,0.1757855416392002,2.0512477800763564
5.706666666666667,0.175233644859813,2.0448076767948655
0.44333333333333336,0.1751746525764759,2.044119293728156
7.876666666666665,0.1734247586049505,2.023699718312631
5.82,0.1732924300750633,2.022155571958837
2.83,0.1718449096510441,2.0052644042968293
8.26333333333333,0.1700614548645653,1.9844532065298373
3.966666666666667,0.1680672268907563,1.961182488892331
9.059999999999999,0.1671052547044915,1.9499572010036328
3.99,0.1667621599499945,1.945953616027558
1.7733333333333334,0.166174688102647,1.939098386004134
2.9066666666666667,0.1660276276736409,1.9373823325919883
19.296666666666656,0.1605723926389785,1.8737249996264955
10.559999999999995,0.1589291303091856,1.8545497126567103
8.869999999999997,0.1588902592937731,1.8540961253859336
12.846666666666657,0.1588661427250205,1.8538147082815712
0.8866666666666667,0.156676990344325,1.8282694107600763
8.396666666666663,0.1541493242737459,1.7987739848695234
5.433333333333334,0.1533705643276591,1.7896866071720925
1.33,0.152924684592838,1.7844836205799979
1.33,0.1526302043958158,1.781047320615931
6.043333333333334,0.1514683502857556,1.76748960340091
4.47,0.1508657154136822,1.7604574354989884
0.8866666666666667,0.1497848327867007,1.747844577419513
4.1033333333333335,0.149087633282934,1.7397089314441054
3.99,0.1481668799426807,1.728964627745517
2.0966666666666667,0.1464927161346901,1.7094287503200942
8.749999999999998,0.1454426178899437,1.6971751162992756
1.83,0.14306376604881,1.6694162089809967
9.356666666666666,0.1425008906305664,1.6628479955695574
2.2866666666666666,0.1424039003356444,1.6617162123449958
2.606666666666667,0.1407393088681377,1.6422920349034553
0.44333333333333336,0.1406798437152871,1.6415981339054593
14.893333333333324,0.1403657547328467,1.6379330183221785
1.7733333333333334,0.1396103691528594,1.629118396939773
4.823333333333333,0.138217000691085,1.6128591304643223
2.33,0.1378272171805936,1.6083107327226756
1.83,0.1375823957021123,1.6054539021234875
7.066666666666666,0.1373773264705449,1.6030609419170219
7.013333333333333,0.1368127998949851,1.5964734610917335
4.876666666666667,0.1367053998632945,1.5952202062760579
0.8866666666666667,0.1359347045685754,1.5862269352842226
27.016666666666648,0.1357186921653301,1.583706278815585
9.323333333333329,0.1344125505211353,1.568464865197968
0.44333333333333336,0.1342853053645922,1.5669800369097562
10.966666666666661,0.1336025867592263,1.5590133690563326
4.046666666666667,0.1322267346078694,1.5429585010343843
0.8866666666666667,0.1317855077253573,1.537809808742497
7.52,0.1281231987569857,1.4950741942472787
9.703333333333331,0.127970666162011,1.4932942859344933
3.66,0.1234493617152204,1.4405350224419127
5.763333333333333,0.1232345858712636,1.4380287954278919
1.7733333333333334,0.1227019715996123,1.4318137004196565
11.113333333333328,0.1225565817412589,1.4301171409562787
1.83,0.1221122532597942,1.4249322559951487
4.546666666666667,0.1213147367821655,1.415626007659504
5.513333333333333,0.120918984280532,1.4110079575464773
4.883333333333334,0.1199627489496418,1.3998496132285752
14.053333333333322,0.118595825426945,1.3838989336941856
0.4166666666666667,0.1177227331715849,1.3737107889019073
9.516666666666664,0.1172193256548799,1.3678365085630027
8.92333333333333,0.1164661649171947,1.3590478489450895
5.82,0.1164257078146713,1.3585757535670193
5.226666666666667,0.1159591357137184,1.3531313070135615
5.376666666666668,0.1155413889815644,1.3482566054370018
1.7733333333333334,0.1149604366136007,1.3414774514519625
11.003333333333329,0.1146012006194486,1.3372855137723525
4.906666666666667,0.114096398300154,1.3313949574320836
9.293333333333331,0.1139375060940786,1.3295408385896328
1.2766666666666666,0.1135427172196125,1.3249340330765291
7.876666666666665,0.1133029870251317,1.3221366128526557
10.613333333333328,0.1123088141704132,1.3105355742106999
7.323333333333331,0.1122883652191836,1.310296954666547
10.226666666666661,0.1118825531018779,1.3055615185380176
21.15999999999999,0.1116474266032876,1.3028178190063437
0.44333333333333336,0.1096533828452011,1.2795492509887003
0.8866666666666667,0.1093643198906356,1.276176165020846
19.149999999999984,0.1092214779464554,1.2745093372591931
6.88,0.1086504713123908,1.2678462403991686
1.72,0.1081271774920075,1.2617399060705348
2.33,0.1078386693442707,1.2583732941634322
17.453333333333322,0.1065309309036908,1.243113247471618
10.613333333333328,0.105323844764777,1.2290277160921947
3.86,0.1043882599077342,1.218110342893089
2.216666666666667,0.1033545265009552,1.206047670752519
28.48999999999997,0.1032315292030526,1.2046124108788945
10.119999999999996,0.1028848058469835,1.2005664836211387
1.7466666666666668,0.1023956592969645,1.1948586150131624
13.29999999999999,0.1002506265664161,1.1698281512691107
0.8866666666666667,0.0985918502151661,1.1504718306274024
4.423333333333333,0.0957811503766737,1.1176736735639388
3.4966666666666666,0.0953288846520495,1.1123961686281565
4.546666666666667,0.0948816749641956,1.1071776627664984
25.059999999999985,0.0931098696461825,1.0865024030641872
2.66,0.0917807375177134,1.0709927126623096
18.929999999999986,0.0880436696601515,1.0273847340120954
4.716666666666667,0.0876709856622739,1.0230358710954544
0.44333333333333336,0.0861326442721791,1.0050849103281105
4.833333333333333,0.0855115669220867,0.9978375364897798
2.3033333333333332,0.0848923858154473,0.9906122899842044
5.823333333333333,0.0834620715389578,0.9739219014738542
4.41,0.0833407308412011,0.9725059725266533
3.5500000000000003,0.0831858940006783,0.9706991758900544
0.44333333333333336,0.0823613804830096,0.9610778981274485
5.0200000000000005,0.0800262502146067,0.9338291794069868
8.87333333333333,0.0795629268102912,0.9284226420109235
2.7566666666666664,0.0786948107379871,0.9182925644769172
3.0766666666666667,0.0785957664321609,0.9171368129255627
9.866666666666662,0.0783940488026276,0.9147829626832502
1.7733333333333334,0.078041905781868,0.910673793164149
4.273333333333333,0.078003120124805,0.9102212019430086
3.606666666666667,0.0776621921097843,0.9062429007274718
6.57,0.0772737789534277,0.9017104936972952
22.93333333333332,0.0763598207055442,0.8910454821748947
5.6000000000000005,0.0753877024220057,0.8797017991137882
0.44333333333333336,0.0741201970049949,0.8649112330147027
8.436666666666666,0.0732880937515828,0.855201390353927
3.216666666666667,0.0719207220137091,0.8392454805805879
13.86666666666666,0.0685927517575407,0.8004112764903737
2.3033333333333332,0.0683480571225996,0.797555926032998
7.983333333333333,0.0653791222834295,0.7629113190804034
6.8,0.0650028055265908,0.75852006536936
2.19,0.0617719588433769,0.7208191997298409
42.82999999999996,0.060288305202417,0.7035063922654611
12.749999999999993,0.0602094509583391,0.7025862392676316
3.6333333333333333,0.0598622535819865,0.6985347806502138
0.9433333333333334,0.0596075337061305,0.6955624452976091
0.4166666666666667,0.0582664635948262,0.6799134501465413
5.88,0.0566893424036281,0.6615099664914608
1.5,0.0547128225074549,0.6384458850459939
6.763333333333333,0.0536926744269669,0.6265417405643893
4.0200000000000005,0.0535207133793151,0.6245351209416027
2.6333333333333333,0.0526160482201672,0.6139785508044333
13.113333333333328,0.050838840874428,0.5932402546471457
16.889999999999986,0.0508363724475115,0.5932114504850655
3.5500000000000003,0.0495544553587243,0.5782527140719548
6.206666666666667,0.048903095374696,0.5706519710938379
0.86,0.0464040243722006,0.541490222076712
13.96666666666666,0.0463723640308392,0.5411207764196436
3.52,0.0461641833829415,0.5386915089846033
4.8533333333333335,0.0455344058257767,0.5313426121183998
0.44333333333333336,0.0453653846649534,0.5293702981402894
14.716666666666656,0.0453001132502831,0.5286086436652034
7.456666666666667,0.0446274786715615,0.5207596466797905
0.44333333333333336,0.0444822567619508,0.5190650470163048
1.8033333333333335,0.0434044018050244,0.5064875189271202
19.079999999999988,0.0411545490984982,0.48023390712989444
21.119999999999983,0.0395100786339889,0.4610445223928415
4.8500000000000005,0.0392770123785863,0.4583248639127002
12.359999999999992,0.0386701429897591,0.4512432832831446
0.4166666666666667,0.0386317907444668,0.4507957495594767
0.5,0.0379986314052248,0.4434073905571165
1.72,0.0364742368314053,0.4256191756883096
14.273333333333325,0.0349519247489599,0.40785526148591883
3.3000000000000003,0.0346252586518679,0.4040433831013955
3.16,0.0317904180478091,0.3709635265800831
0.8866666666666667,0.0315132246005375,0.36772894631787584
0.8866666666666667,0.0315108992914236,0.367701812202559
4.38,0.0305218949693597,0.35616108535322916
0.44333333333333336,0.0299396944621399,0.3493673667865161
8.343333333333332,0.0298418439036626,0.34822554511572273
0.44333333333333336,0.0281913911358835,0.3289663526675948
0.44333333333333336,0.0280441142415235,0.32724777331348304
10.396666666666663,0.0275321955600774,0.3212741758884388
3.546666666666667,0.0270996272991496,0.3162265213618746
0.86,0.0228693999542612,0.2668638469945443
2.7466666666666666,0.0171445170486874,0.20005998336759045
5.489999999999999,0.0169164998478821,0.1973992424863462
12.293333333333322,0.0158422124203972,0.18486334402596374
6.596666666666667,0.0135290628160528,0.1578711184615044
0.4166666666666667,0.0,0.0
0.44333333333333336,0.0,0.0
0.8866666666666667,0.0,0.0
0.8866666666666667,0.0,0.0
0.9433333333333334,0.0,0.0
